Workbook

Sheet 2. Xác thực & Hệ thống
A1: 📋 KỊCH BẢN KIỂM THỬ PHÂN HỆ XÁC THỰC & CÀI ĐẶT HỆ THỐNG
A2: Mã TC (ID) | B2: Phân hệ / Tính năng | C2: Kịch bản kiểm thử (Scenario) | D2: Tiền điều kiện (Pre-conditions) | E2: Các bước thực hiện (Steps) | F2: Dữ liệu kiểm thử (Test Data) | G2: Kết quả mong đợi (Expected Result) | H2: Mức độ (Severity) | I2: Ưu tiên (Priority) | J2: Kết quả thực tế (Actual Result) | K2: Trạng thái (Status) | L2: Mã Bug / Ghi chú | M2: Tester | N2: Ngày test
A3: TC_AUTH_001 | B3: Đăng nhập | C3: Đăng nhập thành công với tài khoản Sinh viên | D3: App tại màn hình Đăng nhập; Backend API đang chạy. | E3: 1. Nhập Tên đăng nhập hợp lệ. 2. Nhập Mật khẩu chính xác. 3. Bấm nút 'Đăng nhập'. | F3: sv001 / 123456 | G3: Đăng nhập thành công, lưu JWT Token vào SharedPreferences, vào thẳng Trang chủ Sinh viên. | H3: Critical | I3: P1
A4: TC_AUTH_002 | B4: Đăng nhập | C4: Đăng nhập thành công với tài khoản Giảng viên | D4: App tại màn hình Đăng nhập. | E4: 1. Nhập tài khoản Giảng viên. 2. Nhập Mật khẩu. 3. Bấm 'Đăng nhập'. | F4: gv001 / 123456 | G4: Chuyển hướng chính xác vào Trang chủ Giảng viên với menu quản lý lớp và đề tài. | H4: Critical | I4: P1
A5: TC_AUTH_003 | B5: Đăng nhập | C5: Đăng nhập thành công với tài khoản Giáo vụ khoa | D5: App tại màn hình Đăng nhập. | E5: 1. Nhập tài khoản Giáo vụ. 2. Nhập Mật khẩu. 3. Bấm 'Đăng nhập'. | F5: gvk.demo / 123456 | G5: Vào Dashboard Giáo vụ khoa, hiển thị quản lý LHP toàn khoa và phân công GV. | H5: High | I5: P1
A6: TC_AUTH_004 | B6: Đăng nhập | C6: Đăng nhập thành công với tài khoản Phòng đào tạo | D6: App tại màn hình Đăng nhập. | E6: 1. Nhập tài khoản Phòng Đào tạo. 2. Nhập Mật khẩu. 3. Bấm 'Đăng nhập'. | F6: pdt.demo / 123456 | G6: Vào Dashboard Phòng đào tạo với số liệu thống kê đồ án toàn trường. | H6: High | I6: P1
A7: TC_AUTH_005 | B7: Đăng nhập | C7: Đăng nhập thành công với tài khoản Quản trị viên (Admin) | D7: App tại màn hình Đăng nhập. | E7: 1. Nhập tài khoản Admin. 2. Nhập Mật khẩu. 3. Bấm 'Đăng nhập'. | F7: admin.demo / 123456 | G7: Vào Dashboard Admin với đầy đủ quyền quản lý tài khoản, import Excel và biểu đồ vai trò. | H7: Critical | I7: P1
A8: TC_AUTH_006 | B8: Validate form | C8: Để trống Tên đăng nhập và bấm Đăng nhập | D8: Ở màn hình Đăng nhập. | E8: 1. Để trống Tên đăng nhập. 2. Nhập mật khẩu: '123456'. 3. Bấm 'Đăng nhập'. | F8: Username: '' / Pass: 123456 | G8: Hiển thị thông báo: 'Vui lòng nhập tên đăng nhập', không gửi request lên server. | H8: Medium | I8: P2
A9: TC_AUTH_007 | B9: Validate form | C9: Để trống Mật khẩu và bấm Đăng nhập | D9: Ở màn hình Đăng nhập. | E9: 1. Nhập Tên đăng nhập: 'sv001'. 2. Để trống Mật khẩu. 3. Bấm 'Đăng nhập'. | F9: Username: sv001 / Pass: '' | G9: Hiển thị thông báo: 'Vui lòng nhập mật khẩu', không gửi request lên server. | H9: Medium | I9: P2
A10: TC_AUTH_008 | B10: Validate form | C10: Để trống cả Tên đăng nhập và Mật khẩu | D10: Ở màn hình Đăng nhập. | E10: 1. Không nhập gì cả. 2. Bấm nút 'Đăng nhập'. | F10: Cả hai trường đều rỗng | G10: Cảnh báo lỗi cả hai trường dữ liệu, không thực hiện gọi API. | H10: Medium | I10: P2
A11: TC_AUTH_009 | B11: Xác thực sai | C11: Đăng nhập với Tên đăng nhập không tồn tại | D11: Tài khoản không có trong DB. | E11: 1. Nhập: 'khong_ton_tai_999'. 2. Nhập: '123456'. 3. Bấm 'Đăng nhập'. | F11: khong_ton_tai_999 / 123456 | G11: Hiển thị lỗi: 'Tên đăng nhập hoặc mật khẩu không chính xác'. Không bị văng app. | H11: High | I11: P1
A12: TC_AUTH_010 | B12: Xác thực sai | C12: Đăng nhập với Mật khẩu không chính xác | D12: Tài khoản sv001 tồn tại. | E12: 1. Nhập: 'sv001'. 2. Nhập mật khẩu sai: 'sai_mat_khau'. 3. Bấm 'Đăng nhập'. | F12: sv001 / sai_mat_khau | G12: Hiển thị lỗi thông báo sai mật khẩu (HTTP 401 hoặc 400). | H12: High | I12: P1
A13: TC_AUTH_011 | B13: Bảo mật | C13: Đăng nhập với tài khoản đang bị Khóa (Trạng thái = False) | D13: Admin đã khóa tài khoản trong hệ thống. | E13: 1. Nhập tài khoản bị khóa. 2. Nhập mật khẩu đúng. 3. Bấm 'Đăng nhập'. | F13: Tài khoản bị khóa | G13: Báo lỗi: 'Tài khoản của bạn đã bị khóa hoặc ngừng hoạt động'. Không cấp quyền truy cập. | H13: Critical | I13: P1
A14: TC_AUTH_012 | B14: Bảo mật | C14: Thử nghiệm tấn công SQL Injection vào ô Đăng nhập | D14: Ở màn hình Đăng nhập. | E14: 1. Nhập username: ' OR '1'='1 -- 2. Nhập pass: ' OR '1'='1 -- 3. Bấm 'Đăng nhập'. | F14: ' OR '1'='1 -- | G14: Backend xử lý bằng Entity Framework Core (tham số hóa an toàn), báo lỗi sai tài khoản, không bị SQL Injection. | H14: Critical | I14: P1
... A27: TC_AUTH_025 | B27: Cập nhật OTA | C27: Kiểm tra phiên bản ứng dụng từ Backend | D27: Có kết nối mạng. | E27: 1. Vào Cá nhân > Thông tin ứng dụng > Bấm 'Kiểm tra bản cập nhật'. | F27: GET /api/app/version | G27: Nếu là bản mới nhất: Báo 'Ứng dụng đang ở phiên bản mới nhất (1.0.0)'. Không hiện popup lỗi. | H27: Low | I27: P3

Sheet 3. Phân hệ Sinh viên
A1: 📋 KỊCH BẢN KIỂM THỬ PHÂN HỆ SINH VIÊN (STUDENT MODULE)
A2: Mã TC (ID) | B2: Phân hệ / Tính năng | C2: Kịch bản kiểm thử (Scenario) | D2: Tiền điều kiện (Pre-conditions) | E2: Các bước thực hiện (Steps) | F2: Dữ liệu kiểm thử (Test Data) | G2: Kết quả mong đợi (Expected Result) | H2: Mức độ (Severity) | I2: Ưu tiên (Priority) | J2: Kết quả thực tế (Actual Result) | K2: Trạng thái (Status) | L2: Mã Bug / Ghi chú | M2: Tester | N2: Ngày test
A3: TC_STU_001 | B3: Trang chủ | C3: Hiển thị thông tin cá nhân và Avatar trên Header | D3: Đăng nhập tài khoản sv001. | E3: 1. Vào tab Trang chủ. 2. Quan sát góc trên màn hình. | F3: Trần Minh Quang (sv001) | G3: Hiển thị đúng lời chào 'Xin chào, Trần Minh Quang', ảnh Avatar cá nhân, nút chuông thông báo có badge. | H3: High | I3: P1
A4: TC_STU_002 | B4: Trang chủ | C4: Kiểm tra 3 thẻ thống kê tổng quan (Lớp học, Nhóm, Đề tài) | D4: Ở Trang chủ Sinh viên. | E4: 1. Quan sát 3 thẻ thống kê. 2. Đối chiếu số liệu với CSDL. | F4: GET /api/student/courses, groups, topics | G4: Thẻ hiển thị đúng: Số lớp học phần đang học, Trạng thái nhóm, Trạng thái đề tài của sinh viên. | H4: High | I4: P1
A5: TC_STU_003 | B5: Trang chủ | C5: Banner Trợ lý AI gợi ý đề tài trên trang chủ | D5: Ở Trang chủ Sinh viên. | E5: 1. Bấm vào nút 'Khám phá ngay' trên Banner AI Gemini. | F5: N/A | G5: Chuyển ngay sang màn hình Trợ lý AI tư vấn đề tài. | H5: Medium | I5: P2
A6: TC_STU_004 | B6: Trang chủ | C6: Làm mới dữ liệu trang chủ bằng thao tác kéo (Pull-to-refresh) | D6: Ở Trang chủ Sinh viên. | E6: 1. Vuốt màn hình từ trên xuống dưới. 2. Thả tay. | F6: N/A | G6: Icon loading xoay tròn, gọi lại đồng thời các API lấy lớp học, nhóm, thông báo mới nhất. | H6: Medium | I6: P2
A7: TC_STU_005 | B7: Lớp học phần | C7: Xem danh sách các LHP sinh viên đang theo học | D7: Sinh viên đã được gán vào ít nhất 1 LHP. | E7: 1. Bấm vào tab 'Lớp học phần'. 2. Xem danh sách thẻ LHP. | F7: GET /api/student/courses | G7: Hiển thị danh sách card LHP: Mã lớp, Tên môn học, Học kỳ, Tên giảng viên phụ trách, sĩ số lớp. | H7: High | I7: P1
A8: TC_STU_006 | B8: Lớp học phần | C8: Tìm kiếm LHP theo Tên môn học hoặc Mã lớp | D8: Sinh viên có nhiều LHP. | E8: 1. Nhập từ khóa 'Di động' vào ô tìm kiếm. 2. Quan sát danh sách. | F8: Từ khóa: 'Di động' | G8: Danh sách chỉ hiển thị các LHP có tên hoặc mã chứa từ khóa 'Di động'. | H8: Medium | I8: P2
A9: TC_STU_007 | B9: Lớp học phần | C9: Xem chi tiết một Lớp học phần | D9: Tại danh sách LHP. | E9: 1. Bấm vào card môn 'Phát triển ứng dụng di động'. | F9: LHP ID: 1 | G9: Mở màn hình chi tiết: xem giảng viên phụ trách, danh sách đợt đăng ký đồ án của lớp, thời hạn đăng ký. | H9: High | I9: P1
A10: TC_STU_008 | B10: Lớp học phần | C10: Hiển thị empty state khi sinh viên chưa có LHP nào | D10: Tài khoản sinh viên mới chưa ghi danh LHP. | E10: 1. Đăng nhập tài khoản mới. 2. Vào tab Lớp học phần. | F10: SV mới | G10: Hiển thị icon minh họa và text: 'Bạn chưa tham gia lớp học phần nào' kèm nút 'Tải lại'. Không crash. | H10: Medium | I10: P2
A11: TC_STU_009 | B11: Quản lý nhóm | C11: Xem thông tin nhóm đồ án hiện tại của sinh viên | D11: Sinh viên đã thuộc về một nhóm. | E11: 1. Bấm vào tab 'Nhóm'. 2. Xem thông tin hiển thị. | F11: GET /api/student/groups | G11: Hiển thị: Tên nhóm, Trưởng nhóm (có huy hiệu nhóm trưởng), Danh sách thành viên (MSSV, Họ tên), Đề tài đã chọn. | H11: High | I11: P1
A12: TC_STU_010 | B12: Quản lý nhóm | C12: Trưởng nhóm đổi tên nhóm đồ án thành công | D12: Đăng nhập tài khoản Trưởng nhóm. | E12: 1. Tại trang Nhóm, bấm icon bút chì cạnh tên nhóm. 2. Nhập tên mới: 'Nhóm Pro Flutter 2026'. 3. Bấm 'Lưu'. | F12: PUT /api/groups/{id}/name {'tenNhom': '...'} | G12: Cập nhật tên nhóm thành công trên UI và Backend. Thông báo 'Đổi tên nhóm thành công'. | H12: High | I12: P1
A13: TC_STU_011 | B13: Quản lý nhóm | C13: Thành viên thường không có quyền đổi tên nhóm | D13: Đăng nhập tài khoản là thành viên thường (không phải nhóm trưởng). | E13: 1. Vào trang Nhóm. 2. Kiểm tra giao diện cạnh tên nhóm. | F13: Role thành viên | G13: Không hiển thị icon chỉnh sửa tên nhóm (chỉ trưởng nhóm mới có quyền). | H13: Medium | I13: P2
A14: TC_STU_012 | B14: Quản lý nhóm | C14: Báo lỗi khi đổi tên nhóm để trống hoặc chỉ có khoảng trắng | D14: Là Trưởng nhóm. | E14: 1. Bấm đổi tên nhóm. 2. Xóa sạch để trống hoặc nhập ' '. 3. Bấm 'Lưu'. | F14: Tên rỗng | G14: Hiển thị cảnh báo: 'Tên nhóm không được để trống'. Không gửi request rác lên server. | H14: Medium | I14: P2
... A40: TC_STU_038 | B40: Avatar cá nhân | C40: Đổi ảnh đại diện từ thư viện ảnh thiết bị thành công | D40: Thiết bị có sẵn file ảnh hợp lệ. | E40: 1. Bấm vào icon camera trên Avatar. 2. Chọn ảnh từ thư viện thiết bị. 3. Xác nhận tải lên. | F40: File ảnh JPG dung lượng 2MB | G40: Ảnh tải lên Backend (POST /api/profile/avatar), Avatar tại trang Cá nhân và Trang chủ cập nhật tức thì. | H40: High | I40: P1

Sheet 4. Phân hệ Giảng viên
A1: 📋 KỊCH BẢN KIỂM THỬ PHÂN HỆ GIẢNG VIÊN (LECTURER MODULE)
A2: Mã TC (ID) | B2: Phân hệ / Tính năng | C2: Kịch bản kiểm thử (Scenario) | D2: Tiền điều kiện (Pre-conditions) | E2: Các bước thực hiện (Steps) | F2: Dữ liệu kiểm thử (Test Data) | G2: Kết quả mong đợi (Expected Result) | H2: Mức độ (Severity) | I2: Ưu tiên (Priority) | J2: Kết quả thực tế (Actual Result) | K2: Trạng thái (Status) | L2: Mã Bug / Ghi chú | M2: Tester | N2: Ngày test
A3: TC_LEC_001 | B3: Trang chủ GV | C3: Hiển thị lời chào, học vị và thống kê tổng quan | D3: Đăng nhập gv001. | E3: 1. Vào Trang chủ Giảng viên. 2. Quan sát các thẻ thống kê. | F3: GET /api/lecturer/statistics | G3: Hiển thị lời chào: 'Xin chào, ThS. Nguyễn Văn A', thẻ: Lớp học phụ trách, Đề tài đã tạo, Nhóm cần duyệt. | H3: High | I3: P1
A4: TC_LEC_002 | B4: Lớp học phần | C4: Xem danh sách các LHP được phân công giảng dạy | D4: Giảng viên có ít nhất 1 LHP. | E4: 1. Vào tab 'Lớp học phần'. 2. Xem danh sách. | F4: GET /api/lecturer/courses | G4: Hiển thị danh sách card LHP: Mã lớp, Tên môn, Học kỳ, Số lượng sinh viên, Đợt đăng ký tương ứng. | H4: High | I4: P1
A5: TC_LEC_003 | B5: Chi tiết LHP | C5: Xem danh sách nhóm sinh viên trong một LHP cụ thể | D5: Tại danh sách LHP của GV. | E5: 1. Bấm vào một LHP cụ thể. 2. Chuyển sang tab 'Nhóm sinh viên'. | F5: LHP ID: 1 | G5: Hiển thị danh sách tất cả các nhóm trong lớp, trưởng nhóm, sĩ số nhóm, đề tài nhóm đã đăng ký. | H5: High | I5: P1
A6: TC_LEC_004 | B6: Chi tiết LHP | C6: Xem danh sách đề tài thuộc về LHP | D6: Ở màn hình chi tiết LHP. | E6: 1. Chuyển sang tab 'Đề tài'. | F6: N/A | G6: Hiển thị danh sách các đề tài đã công bố cho lớp này và tiến độ đăng ký của từng đề tài. | H6: High | I6: P1
A7: TC_LEC_005 | B7: Tạo đề tài | C7: Giảng viên tạo đề tài mới thành công cho đợt đăng ký | D7: Có đợt đăng ký đang mở. | E7: 1. Bấm nút 'Thêm đề tài'. 2. Nhập: Tên đề tài, Mục tiêu, Phạm vi, Công nghệ đề xuất. 3. Chọn Đợt đăng ký. 4. Bấm 'Lưu đề tài'. | F7: POST /api/de-tai | G7: Tạo thành công, đề tài xuất hiện trong danh sách của GV và hiển thị cho sinh viên đăng ký. | H7: Critical | I7: P1
A8: TC_LEC_006 | B8: Validate đề tài | C8: Báo lỗi khi tạo đề tài để trống Tên đề tài hoặc Mục tiêu | D8: Ở form tạo đề tài. | E8: 1. Để trống Tên đề tài. 2. Bấm 'Lưu đề tài'. | F8: Tên rỗng | G8: Hiển thị thông báo: 'Tên đề tài không được để trống'. Không gửi request. | H8: Medium | I8: P2
A9: TC_LEC_007 | B9: Sửa đề tài | C9: Chỉnh sửa nội dung đề tài chưa có nhóm đăng ký | D9: Đề tài chưa có nhóm nào đăng ký. | E9: 1. Chọn đề tài trong danh sách. 2. Bấm icon chỉnh sửa. 3. Sửa mục tiêu và công nghệ. 4. Bấm 'Lưu'. | F9: PUT /api/de-tai/{id} | G9: Cập nhật thành công thông tin đề tài, sinh viên thấy thông tin mới. | H9: High | I9: P2
A10: TC_LEC_008 | B10: Sửa đề tài | C10: Cảnh báo khi sửa đề tài đã có nhóm đăng ký được duyệt | D10: Đề tài đã có nhóm được duyệt chính thức. | E10: 1. Thử sửa tên đề tài. | F10: Đề tài đã có nhóm | G10: Hệ thống hiển thị cảnh báo đề tài đã có nhóm nhận, yêu cầu xác nhận kỹ hoặc khóa sửa tên chính. | H10: Medium | I10: P2
A11: TC_LEC_009 | B11: Xóa đề tài | C11: Xóa đề tài thành công khi chưa có nhóm đăng ký | D11: Đề tài chưa có nhóm đăng ký. | E11: 1. Tại card đề tài, bấm nút 'Xóa'. 2. Xác nhận 'Đồng ý xóa'. | F11: DELETE /api/de-tai/{id} | G11: Xóa thành công, đề tài biến mất khỏi danh sách. | H11: High | I11: P2
A12: TC_LEC_010 | B12: Xóa đề tài | C12: Chặn không cho xóa đề tài đã có nhóm được duyệt | D12: Đề tài đã có nhóm được duyệt. | E12: 1. Thử bấm xóa đề tài. | F12: Đề tài có nhóm | G12: Báo lỗi: 'Không thể xóa đề tài đã có nhóm sinh viên đăng ký chính thức'. | H12: Critical | I12: P1
A13: TC_LEC_011 | B13: Duyệt đề tài | C13: Phê duyệt đơn đăng ký đề tài của Nhóm sinh viên | D13: Có đơn đăng ký ở trạng thái 'Chờ duyệt'. | E13: 1. Vào mục 'Duyệt đăng ký đề tài'. 2. Xem thông tin nhóm đăng ký. 3. Bấm nút 'Phê duyệt'. | F13: PUT /api/dang-ky-de-tai/{id}/duyet {chap_nhan: true} | G13: Trạng thái đơn chuyển thành 'Đã duyệt'. Tự động gửi thông báo chúc mừng tới các thành viên trong nhóm. | H13: Critical | I13: P1
A14: TC_LEC_012 | B14: Từ chối đề tài | C14: Từ chối đơn đăng ký đề tài kèm lý do phản hồi | D14: Có đơn đăng ký ở trạng thái 'Chờ duyệt'. | E14: 1. Chọn đơn đăng ký. 2. Bấm nút 'Từ chối'. 3. Nhập lý do: 'Đề tài đã đủ số lượng / Cần chọn đề tài khác'. 4. Xác nhận. | F14: PUT /api/dang-ky-de-tai/{id}/duyet {chap_nhan: false, ghiChu: '...'} | G14: Đơn chuyển sang 'Từ chối'. Gửi thông báo kèm lý do cho nhóm sinh viên, nhóm được giải phóng để đăng ký lại. | H14: High | I14: P1
... A27: TC_LEC_025 | B27: Hồ sơ Giảng viên | C27: Xem và cập nhật Chuyên môn, Học vị của Giảng viên | D27: Đăng nhập gv001. | E27: 1. Vào trang Cá nhân. 2. Xem thông tin: Mã GV, Học vị, Chuyên môn. 3. Cập nhật Số điện thoại liên hệ. | F27: PUT /api/profile | G27: Cập nhật thành công, số liệu đồng bộ chính xác. | H27: Medium | I27: P3

Sheet 5. Giáo vụ & Đào tạo
A1: 📋 KỊCH BẢN KIỂM THỬ PHÂN HỆ GIÁO VỤ KHOA & PHÒNG ĐÀO TẠO
A2: Mã TC (ID) | B2: Phân hệ / Tính năng | C2: Kịch bản kiểm thử (Scenario) | D2: Tiền điều kiện (Pre-conditions) | E2: Các bước thực hiện (Steps) | F2: Dữ liệu kiểm thử (Test Data) | G2: Kết quả mong đợi (Expected Result) | H2: Mức độ (Severity) | I2: Ưu tiên (Priority) | J2: Kết quả thực tế (Actual Result) | K2: Trạng thái (Status) | L2: Mã Bug / Ghi chú | M2: Tester | N2: Ngày test
A3: TC_GOV_001 | B3: Tổng quan Khoa | C3: Xem số liệu thống kê đào tạo tổng thể toàn khoa | D3: Đăng nhập gvk.demo. | E3: 1. Vào Dashboard Giáo vụ khoa. 2. Quan sát các Stat Card 4 màu. | F3: GET /api/admin/overview | G3: Hiển thị chính xác: Tổng số LHP khoa, Tổng số SV khoa, Tổng số GV khoa, Tổng số nhóm đồ án. | H3: High | I3: P1
A4: TC_GOV_002 | B4: Quản lý LHP | C4: Xem danh mục toàn bộ các Lớp học phần của khoa | D4: Đang ở quyền Giáo vụ khoa. | E4: 1. Vào tab 'Quản lý LHP'. 2. Xem danh sách các LHP. | F4: GET /api/lop-hoc-phan | G4: Hiển thị danh sách card LHP: Mã lớp, Tên môn học, Học kỳ, Giảng viên phụ trách, Tình trạng phân công. | H4: High | I4: P1
A5: TC_GOV_003 | B5: Tìm kiếm LHP | C5: Tìm kiếm LHP theo Mã hoặc Tên môn trong khoa | D5: Tại màn hình LHP của Giáo vụ. | E5: 1. Nhập 'Lập trình' vào ô tìm kiếm. | F5: Search: 'Lập trình' | G5: Lọc chính xác các môn có chứa từ khóa 'Lập trình'. | H5: Medium | I5: P2
A6: TC_GOV_004 | B6: Phân công GV | C6: Phân công Giảng viên phụ trách Lớp học phần thành công | D6: Có LHP chưa có giảng viên phụ trách. | E6: 1. Vào mục 'Phân công giảng viên'. 2. Chọn LHP: 'Phát triển ứng dụng di động'. 3. Chọn Giảng viên: 'ThS. Nguyễn Văn A'. 4. Bấm 'Xác nhận phân công'. | F6: POST /api/governance/assignments | G6: Phân công thành công, giảng viên được gán vào LHP và có quyền quản lý đợt đồ án của lớp. | H6: Critical | I6: P1
A7: TC_GOV_005 | B7: Hủy phân công | C7: Hủy phân công hoặc đổi Giảng viên phụ trách LHP | D7: LHP đã có GV được phân công. | E7: 1. Chọn LHP cần đổi GV. 2. Chọn 'Đổi giảng viên phụ trách'. 3. Chọn GV mới và xác nhận. | F7: PUT /api/governance/assignments | G7: Cập nhật thành công giảng viên mới phụ trách lớp. | H7: High | I7: P2
A8: TC_GOV_006 | B8: Danh sách SV | C8: Tra cứu danh sách toàn bộ Sinh viên trong khoa | D8: Ở quyền Giáo vụ. | E8: 1. Vào mục 'Danh sách Sinh viên'. 2. Xem danh sách và thử tìm kiếm theo MSSV. | F8: GET /api/governance/students | G8: Hiển thị danh sách SV: MSSV, Họ tên, Lớp niên chế, Email, Số điện thoại. | H8: Medium | I8: P2
A9: TC_GOV_007 | B9: Danh sách GV | C9: Tra cứu danh sách Giảng viên trong khoa | D9: Ở quyền Giáo vụ. | E9: 1. Vào mục 'Danh sách Giảng viên'. 2. Xem thông tin giảng viên. | F9: GET /api/governance/lecturers | G9: Hiển thị danh sách GV: Mã GV, Họ tên, Học vị, Chuyên môn, Số LHP đang phụ trách. | H9: Medium | I9: P2
A10: TC_GOV_008 | B10: AI Phân tích | C10: Giáo vụ khoa dùng AI Gemini phân tích khối lượng học vụ | D10: Tại Dashboard Giáo vụ; có kết nối mạng. | E10: 1. Xem thẻ 'AI Phân tích khối lượng học vụ'. 2. Bấm 'Phân tích ngay'. | F10: Gemini analyzeAcademicWorkload | G10: AI phân tích tỷ lệ SV/GV, cảnh báo LHP bị quá tải và đề xuất cân đối số lượng nhóm đồ án. | H10: High | I10: P2
A11: TC_GOV_009 | B11: AI Phân tích | C11: Xử lý khi AI Gemini phân tích bị gián đoạn mạng | D11: Tắt mạng hoặc lỗi API Key. | E11: 1. Bấm phân tích AI. | F11: Offline | G11: Thẻ AI hiển thị lỗi màu đỏ thân thiện: 'Không thể kết nối Gemini AI' kèm nút 'Thử lại'. | H11: Medium | I11: P2
A12: TC_GOV_010 | B12: Phòng Đào tạo | C12: Giám sát số liệu đồ án toàn trường | D12: Đăng nhập tài khoản pdt.demo. | E12: 1. Vào Dashboard Phòng đào tạo. 2. Quan sát số liệu đa khoa. | F12: GET /api/admin/overview | G12: Hiển thị tổng thể toàn trường: tổng số LHP, tổng số sinh viên, tổng số đề tài được duyệt. | H12: High | I12: P1
A13: TC_GOV_011 | B13: AI Dự báo | C13: Phòng đào tạo dùng AI dự báo xu hướng công nghệ đề tài | D13: Tại Dashboard Phòng đào tạo. | E13: 1. Xem thẻ 'AI Dự báo đào tạo'. 2. Đọc các khuyến nghị phân bổ. | F13: Gemini analyzeTrainingForecast | G13: AI phân tích xu hướng công nghệ (Mobile, AI, Cloud...) và đưa ra khuyến nghị phân bổ phòng lab/nhân lực. | H13: Medium | I13: P3
A14: TC_GOV_012 | B14: Cấu hình học kỳ | C14: Xem danh mục các học kỳ và năm học trong hệ thống | D14: Tại phân hệ Phòng đào tạo. | E14: 1. Vào mục 'Cấu hình học kỳ'. 2. Xem danh sách các học kỳ. | F14: GET /api/semesters | G14: Hiển thị danh sách học kỳ (HK1 2026-2027, HK2 2026-2027) kèm thời gian hiệu lực. | H14: Medium | I14: P2

Sheet 6. Quản trị hệ thống
A1: 📋 KỊCH BẢN KIỂM THỬ PHÂN HỆ QUẢN TRỊ VIÊN (ADMIN MODULE)
A2: Mã TC (ID) | B2: Phân hệ / Tính năng | C2: Kịch bản kiểm thử (Scenario) | D2: Tiền điều kiện (Pre-conditions) | E2: Các bước thực hiện (Steps) | F2: Dữ liệu kiểm thử (Test Data) | G2: Kết quả mong đợi (Expected Result) | H2: Mức độ (Severity) | I2: Ưu tiên (Priority) | J2: Kết quả thực tế (Actual Result) | K2: Trạng thái (Status) | L2: Mã Bug / Ghi chú | M2: Tester | N2: Ngày test
A3: TC_ADM_001 | B3: Dashboard Admin | C3: Hiển thị số liệu tổng quan người dùng toàn hệ thống | D3: Đăng nhập admin.demo. | E3: 1. Vào Dashboard Quản trị viên. 2. Quan sát các Stat Card. | F3: GET /api/admin/overview | G3: Hiển thị đúng tổng số: Người dùng, Sinh viên, Giảng viên, Lớp học phần trong CSDL. | H3: High | I3: P1
A4: TC_ADM_002 | B4: Biểu đồ vai trò | C4: Hiển thị Biểu đồ thanh ngang phân bổ vai trò (Role Distribution) | D4: Ở Dashboard Admin. | E4: 1. Quan sát thẻ 'Phân bổ vai trò người dùng'. 2. Kiểm tra các thanh ngang. | F4: Role distribution | G4: Hiển thị 5 thanh ngang 5 màu tương ứng: Sinh viên (Xanh lá), Giảng viên (Xanh dương), Giáo vụ (Tím), Đào tạo (Cam), Admin (Hồng). Tổng % = 100%. | H4: High | I4: P1
A5: TC_ADM_003 | B5: Danh sách User | C5: Xem danh sách toàn bộ người dùng trong hệ thống | D5: Tại tab 'Người dùng' của Admin. | E5: 1. Xem danh sách người dùng. 2. Quan sát thông tin từng dòng. | F5: GET /api/admin/users | G5: Hiển thị: Avatar, Họ tên, Tên đăng nhập, Email, Số ĐT, Vai trò (Badge màu), Trạng thái Hoạt động/Đã khóa. | H5: High | I5: P1
A6: TC_ADM_004 | B6: Tìm kiếm User | C6: Tìm kiếm người dùng theo Họ tên hoặc Tên đăng nhập | D6: Tại màn hình Quản lý người dùng. | E6: 1. Nhập từ khóa 'Nguyễn' vào ô tìm kiếm. 2. Nhập username 'sv001'. | F6: Search: 'Nguyễn' | G6: Lọc chính xác người dùng có tên hoặc username khớp từ khóa tìm kiếm. | H6: High | I6: P2
A7: TC_ADM_005 | B7: Lọc vai trò | C7: Lọc danh sách người dùng theo Vai trò (Role Filter) | D7: Tại danh sách người dùng. | E7: 1. Bấm chip lọc: 'Sinh viên'. 2. Bấm chip lọc: 'Giảng viên'. 3. Bấm chip lọc: 'Admin'. | F7: role = SINHVIEN / GIANGVIEN / ADMIN | G7: Danh sách lập tức lọc đúng chỉ những tài khoản có vai trò tương ứng. | H7: High | I7: P2
A8: TC_ADM_006 | B8: Thêm User | C8: Tạo tài khoản người dùng mới thủ công thành công | D8: Bấm FAB 'Thêm người dùng'. | E8: 1. Nhập: Tên đăng nhập 'sv_moi_01', Mật khẩu '123456', Họ tên 'Nguyễn Văn Mới', Email 'svmoi@school.edu', Số ĐT '0912345678', Vai trò 'Sinh viên'. 2. Bấm 'Lưu người dùng'. | F8: POST /api/admin/users | G8: Tạo tài khoản thành công, xuất hiện ngay trong danh sách, có thể dùng tài khoản này đăng nhập được ngay. | H8: Critical | I8: P1
A9: TC_ADM_007 | B9: Validate User | C9: Báo lỗi khi tạo tài khoản có Tên đăng nhập đã tồn tại | D9: Tài khoản 'sv001' đã tồn tại trong DB. | E9: 1. Nhập username là 'sv001'. 2. Nhập các thông tin khác hợp lệ. 3. Bấm 'Lưu'. | F9: Username: 'sv001' | G9: Báo lỗi: 'Tên đăng nhập đã tồn tại trong hệ thống'. Không cho phép tạo trùng lặp. | H9: High | I9: P1
A10: TC_ADM_008 | B10: Validate User | C10: Validate định dạng Email khi tạo tài khoản | D10: Ở form tạo người dùng. | E10: 1. Nhập email sai: 'email_khong_hop_le'. 2. Bấm Lưu. | F10: email_khong_hop_le | G10: Báo lỗi: 'Email không đúng định dạng'. | H10: Medium | I10: P2
A11: TC_ADM_009 | B11: Khóa tài khoản | C11: Khóa tài khoản người dùng (Toggle Status sang False) | D11: Tài khoản đang ở trạng thái Hoạt động. | E11: 1. Tìm tài khoản trong danh sách. 2. Bấm nút chuyển đổi trạng thái sang 'Khóa'. 3. Xác nhận trên dialog. | F11: PUT /api/admin/users/{id}/toggle-status | G11: Trạng thái đổi thành 'Đã khóa' (màu đỏ). Thử lấy tài khoản này đăng nhập sẽ bị hệ thống từ chối. | H11: High | I11: P1
A12: TC_ADM_010 | B12: Mở khóa User | C12: Mở khóa tài khoản người dùng (Toggle Status sang True) | D12: Tài khoản đang bị khóa. | E12: 1. Bấm nút kích hoạt lại sang 'Hoạt động'. | F12: Toggle status sang True | G12: Trạng thái chuyển thành 'Hoạt động' (màu xanh). Người dùng có thể đăng nhập bình thường. | H12: High | I12: P1
A13: TC_ADM_011 | B13: Reset mật khẩu | C13: Admin đặt lại mật khẩu mặc định cho người dùng | D13: Người dùng quên mật khẩu nhờ Admin cấp lại. | E13: 1. Chọn người dùng cần reset. 2. Bấm 'Đặt lại mật khẩu mặc định'. 3. Xác nhận. | F13: POST /api/admin/users/{id}/reset-password | G13: Mật khẩu của tài khoản được đặt lại về '123456', người dùng có thể đăng nhập lại. | H13: High | I13: P1
A14: TC_ADM_012 | B14: Import User | C14: Tải file mẫu template CSV chuẩn | D14: Vào màn hình 'Import người dùng'. | E14: 1. Chọn định dạng: 'CSV'. 2. Bấm nút 'Tải file mẫu'. | F14: Template CSV | G14: Tải thành công file mẫu về máy với đúng header: TênĐăngNhập,MậtKhẩu,HọTên,Email,SốĐiệnThoại,VaiTrò,TrạngThái kèm 1 dòng mẫu. | H14: High | I14: P2
... A20: TC_ADM_018 | B20: Nhật ký hệ thống | C20: Xem nhật ký hoạt động hệ thống (Activity Log) | D20: Hệ thống có phát sinh hoạt động (đăng nhập, duyệt đề tài...). | E20: 1. Vào mục 'Nhật ký hoạt động'. 2. Xem các dòng log sự kiện. | F20: GET /api/admin/activity-logs | G20: Hiển thị chi tiết: Thời gian, Người thực hiện, Hành động, Địa chỉ IP thực hiện. | H20: Medium | I20: P3

Sheet 7. Phi chức năng & Bảo mật
A1: 📋 KỊCH BẢN KIỂM THỬ PHI CHỨC NĂNG, BẢO MẬT & HIỆU NĂNG HỆ THỐNG
A2: Mã TC (ID) | B2: Phân hệ / Tính năng | C2: Kịch bản kiểm thử (Scenario) | D2: Tiền điều kiện (Pre-conditions) | E2: Các bước thực hiện (Steps) | F2: Dữ liệu kiểm thử (Test Data) | G2: Kết quả mong đợi (Expected Result) | H2: Mức độ (Severity) | I2: Ưu tiên (Priority) | J2: Kết quả thực tế (Actual Result) | K2: Trạng thái (Status) | L2: Mã Bug / Ghi chú | M2: Tester | N2: Ngày test
A3: TC_NFR_001 | B3: Bảo mật API | C3: Chặn gọi API nghiệp vụ khi không có JWT Bearer Token | D3: Gọi trực tiếp endpoint Backend không kèm token. | E3: 1. Dùng Postman hoặc curl gọi: GET http://localhost:5094/api/student/courses. 2. Quan sát phản hồi. | F3: No Authorization Header | G3: Máy chủ trả về HTTP 401 Unauthorized. Không để lộ bất kỳ thông tin nào. | H3: Critical | I3: P1
A4: TC_NFR_002 | B4: Bảo mật Token | C4: Chặn gọi API khi JWT Token đã hết hạn (Expired Token) | D4: Sử dụng token cũ đã quá thời hạn hiệu lực. | E4: 1. Gửi request kèm token cũ. 2. Quan sát phản hồi. | F4: Expired JWT Token | G4: Backend từ chối với HTTP 401. Ứng dụng tự động điều hướng người dùng về màn hình Đăng nhập. | H4: Critical | I4: P1
A5: TC_NFR_003 | B5: Phân quyền RBAC | C5: Sinh viên không được gọi API của Giảng viên (HTTP 403 Forbidden) | D5: Lấy Token đăng nhập của Sinh viên (sv001). | E5: 1. Dùng Token Sinh viên gửi request POST /api/de-tai (Tạo đề tài của GV). 2. Quan sát phản hồi. | F5: Student Token calling Lecturer API | G5: Máy chủ từ chối với HTTP 403 Forbidden. Đảm bảo phân quyền vai trò bảo mật tuyệt đối. | H5: Critical | I5: P1
A6: TC_NFR_004 | B6: Phân quyền RBAC | C6: Giảng viên không được gọi API Quản trị viên (Admin) | D6: Lấy Token của Giảng viên (gv001). | E6: 1. Gửi request POST /api/admin/users. 2. Quan sát phản hồi. | F6: Lecturer Token calling Admin API | G6: Máy chủ từ chối với HTTP 403 Forbidden. | H6: Critical | I6: P1
A7: TC_NFR_005 | B7: Xử lý mất mạng | C7: Ứng dụng xử lý an toàn khi mất kết nối mạng đột ngột | D7: Bật chế độ máy bay (Airplane mode) trên điện thoại. | E7: 1. Thao tác chuyển qua lại giữa các tab LHP, Đề tài, Nhóm. 2. Quan sát giao diện. | F7: No Internet Connection | G7: Không bị crash/văng app. Hiển thị thông báo lỗi thân thiện 'Không thể kết nối máy chủ' kèm nút 'Thử lại'. | H7: High | I7: P1
A8: TC_NFR_006 | B8: Hiệu năng USB | C8: Đo độ trễ phản hồi API qua cầu nối cáp USB (ADB Reverse) | D8: Điện thoại cắm cáp USB, đã reverse port 5094. | E8: 1. Chuyển đổi các tab và đo thời gian tải dữ liệu. | F8: Cáp USB Type-C | G8: Thời gian phản hồi trung bình < 200ms, trải nghiệm tức thì, không có cảm giác trễ. | H8: Medium | I8: P2
A9: TC_NFR_007 | B9: Hiệu năng Wi-Fi | C9: Đo độ trễ phản hồi API qua mạng Wi-Fi LAN | D9: Điện thoại và máy tính kết nối cùng Wi-Fi. | E9: 1. Tải danh sách đề tài và nhóm. | F9: Wi-Fi LAN 192.168.x.x | G9: Thời gian phản hồi < 500ms, dữ liệu tải mượt mà. | H9: Medium | I9: P2
A10: TC_NFR_008 | B10: Responsive UI | C10: Giao diện hiển thị tốt trên các kích thước màn hình khác nhau | D10: Test trên điện thoại nhỏ (5 inch), điện thoại lớn (6.7 inch) và máy ảo. | E10: 1. Mở tất cả các màn hình chính. 2. Kiểm tra có bị lỗi tràn chữ / tràn khung (RenderFlex overflow) không. | F10: Đa kích cỡ màn hình | G10: Giao diện co giãn chuẩn nhờ SingleChildScrollView và LayoutBuilder, 0 lỗi overflow. | H10: High | I10: P2
A11: TC_NFR_009 | B11: Xoay màn hình | C11: Kiểm tra giao diện khi xoay ngang điện thoại (Landscape) | D11: Bật tính năng tự động xoay màn hình. | E11: 1. Xoay ngang điện thoại tại màn hình Đăng nhập và Báo cáo tiến độ. | F11: Orientation.landscape | G11: Nội dung cuộn trơn tru, bàn phím ảo không che khuất nút bấm quan trọng. | H11: Low | I11: P3
A12: TC_NFR_010 | B12: Sao lưu CSDL | C12: Hệ thống tự động sao lưu CSDL SQL Server trước khi vận hành | D12: Chạy start_full_system.bat. | E12: 1. Khởi động hệ thống qua start_full_system.bat. 2. Kiểm tra thư mục 'backups/'. | F12: backup_database.ps1 | G12: Tự động sinh ra 1 file .bak mới có gắn timestamp ngày giờ trong thư mục backups, đảm bảo an toàn dữ liệu. | H12: High | I12: P2
A13: TC_NFR_011 | B13: Khôi phục CSDL | C13: Khôi phục dữ liệu từ bản sao lưu .bak khi gặp sự cố | D13: Có file .bak trong thư mục backups. | E13: 1. Mở SSMS, chọn Restore Database từ file .bak mới nhất. | F13: Restore file .bak | G13: Khôi phục toàn bộ bảng và dữ liệu về trạng thái hoàn hảo 100%. | H13: High | I13: P1
A14: TC_NFR_012 | B14: Bảo mật Avatar | C14: Chặn tải lên file độc hại giả dạng file ảnh (File Upload Security) | D14: Tại tính năng đổi Avatar. | E14: 1. Thử đổi đuôi file mã độc .exe / .sh thành .jpg và tải lên. | F14: malicious_file.exe.jpg | G14: Backend kiểm tra định dạng và MIME type thực tế, từ chối tải lên file không hợp lệ. | H14: Critical | I14: P1

Sheet 1. Tổng quan & Dashboard
B2: 🎓 HỆ THỐNG PROGROUP AI - TÀI LIỆU KỊCH BẢN KIỂM THỬ TOÀN DIỆN (FULL TEST SUITE)
B3: Dự án: Phát triển Ứng dụng Di động Quản lý & Đăng ký Đồ án Tích hợp Trí tuệ Nhân tạo | Phiên bản: 1.0.0
B5: 📌 THÔNG TIN DỰ ÁN & MÔI TRƯỜNG KIỂM THỬ
B6: Tên dự án: | C6: ProGroup AI (Hệ thống Đăng ký & Quản lý Đồ án Tích hợp AI)
B7: Nền tảng kiểm thử Client: | C7: Android Mobile (Thiết bị thật qua cáp USB / Android Emulator)
B8: Kiến trúc Backend & API: | C8: ASP.NET Core Web API 10.0 (Port 5094) + Entity Framework Core
B9: Cơ sở dữ liệu: | C9: Microsoft SQL Server 2019+ (Database: ProjectRegistrationDB)
B10: Tích hợp AI: | C10: Google Gemini AI (Gợi ý đề tài, Phân tích học vụ khoa)
B11: Người thực hiện kiểm thử: | C11: [Họ và tên Tester ghi tại đây]
B12: Ngày bắt đầu kiểm thử: | C12: [DD/MM/YYYY]
B13: Trạng thái dự án: | C13: Sẵn sàng bàn giao & Nghiệm thu đồ án
B15: 📊 BẢNG THEO DÕI TIẾN ĐỘ & KẾT QUẢ KIỂM THỬ THEO PHÂN HỆ
B17: STT | C17: Phân hệ / Sheet Kiểm thử | D17: Tổng số TC | E17: Đạt (Pass) | F17: Lỗi (Fail) | G17: Chặn (Blocked) | H17: Chưa test | I17: Tỷ lệ Đạt (%)
B18: 1 | C18: 2. Xác thực & Hệ thống | D18: 25 | E18: =COUNTIF('2. Xác thực & Hệ thống'!K3:K27, "Pass") -> 0 | F18: =COUNTIF('2. Xác thực & Hệ thống'!K3:K27, "Fail") -> 0 | G18: =COUNTIF('2. Xác thực & Hệ thống'!K3:K27, "Blocked") -> 0 | H18: =D18-E18-F18-G18 -> 0 | I18: =IF(D18>0, E18/D18, 0) -> 0
B19: 2 | C19: 3. Phân hệ Sinh viên | D19: 38 | E19: =COUNTIF('3. Phân hệ Sinh viên'!K3:K40, "Pass") -> 0 | F19: =COUNTIF('3. Phân hệ Sinh viên'!K3:K40, "Fail") -> 0 | G19: =COUNTIF('3. Phân hệ Sinh viên'!K3:K40, "Blocked") -> 0 | H19: =D19-E19-F19-G19 -> 0 | I19: =IF(D19>0, E19/D19, 0) -> 0
B20: 3 | C20: 4. Phân hệ Giảng viên | D20: 25 | E20: =COUNTIF('4. Phân hệ Giảng viên'!K3:K27, "Pass") -> 0 | F20: =COUNTIF('4. Phân hệ Giảng viên'!K3:K27, "Fail") -> 0 | G20: =COUNTIF('4. Phân hệ Giảng viên'!K3:K27, "Blocked") -> 0 | H20: =D20-E20-F20-G20 -> 0 | I20: =IF(D20>0, E20/D20, 0) -> 0
B21: 4 | C21: 5. Giáo vụ & Đào tạo | D21: 12 | E21: =COUNTIF('5. Giáo vụ & Đào tạo'!K3:K14, "Pass") -> 0 | F21: =COUNTIF('5. Giáo vụ & Đào tạo'!K3:K14, "Fail") -> 0 | G21: =COUNTIF('5. Giáo vụ & Đào tạo'!K3:K14, "Blocked") -> 0 | H21: =D21-E21-F21-G21 -> 0 | I21: =IF(D21>0, E21/D21, 0) -> 0
B22: 5 | C22: 6. Quản trị hệ thống | D22: 18 | E22: =COUNTIF('6. Quản trị hệ thống'!K3:K20, "Pass") -> 0 | F22: =COUNTIF('6. Quản trị hệ thống'!K3:K20, "Fail") -> 0 | G22: =COUNTIF('6. Quản trị hệ thống'!K3:K20, "Blocked") -> 0 | H22: =D22-E22-F22-G22 -> 0 | I22: =IF(D22>0, E22/D22, 0) -> 0
B23: 6 | C23: 7. Phi chức năng & Bảo mật | D23: 12 | E23: =COUNTIF('7. Phi chức năng & Bảo mật'!K3:K14, "Pass") -> 0 | F23: =COUNTIF('7. Phi chức năng & Bảo mật'!K3:K14, "Fail") -> 0 | G23: =COUNTIF('7. Phi chức năng & Bảo mật'!K3:K14, "Blocked") -> 0 | H23: =D23-E23-F23-G23 -> 0 | I23: =IF(D23>0, E23/D23, 0) -> 0
B24: TỔNG CỘNG TOÀN HỆ THỐNG | D24: =SUM(D18:D23) -> 0 | E24: =SUM(E18:E23) -> 0 | F24: =SUM(F18:F23) -> 0 | G24: =SUM(G18:G23) -> 0 | H24: =SUM(H18:H23) -> 0 | I24: =IF(D24>0, E24/D24, 0) -> 0
B26: 📖 HƯỚNG DẪN DÀNH CHO TESTER KHI THỰC HIỆN KIỂM THỬ
B27: Quy ước Trạng thái (Status): | C27: • Pass: Tính năng chạy đúng 100% kết quả mong đợi. | • Fail: Có lỗi/sai logic/crash. | • Blocked: Bị nghẽn do lỗi module khác. | • Untested: Chưa kiểm tra.
B28: Quy ước Mức độ nghiêm trọng (Severity): | C28: • Critical: Crash app, không đăng nhập được, mất dữ liệu. | • High: Sai luồng nghiệp vụ chính, duyệt/đăng ký thất bại. | • Medium: Lỗi giao diện, sai text, filter không đúng. | • Low: Lỗi thẩm mỹ nhỏ, chính tả.
B29: Tài khoản kiểm thử mặc định: | C29: Sinh viên: sv001 (123456) | Giảng viên: gv001 (123456) | Giáo vụ: gvk.demo (123456) | Đào tạo: pdt.demo (123456) | Admin: admin.demo (123456)
B30: Lưu ý kết nối máy chủ: | C30: Khi test trên điện thoại thật cắm cáp USB, đảm bảo đã chạy 'adb reverse tcp:5094 tcp:5094' và Backend API đang lắng nghe tại cổng 5094.
